stage,batch_index,train_accuracy,train_accept_rate,val_accuracy,val_accept_rate
initial,0,0.5,0.7666666666666667,0.0,0.5333333333333333
after_batch,1,0.6666666666666666,0.5,0.06666666666666667,0.5333333333333333
after_batch,2,0.6833333333333333,0.55,0.3333333333333333,0.4
after_batch,3,0.65,0.75,0.2,0.7333333333333333
after_batch,4,0.6666666666666666,0.7833333333333333,0.2,0.6666666666666666
after_batch,5,0.65,0.8333333333333334,0.26666666666666666,0.7333333333333333
