stage,batch_index,train_accuracy,train_accept_rate,val_accuracy,val_accept_rate
initial,0,0.0,0.5666666666666667,0.0,0.5333333333333333
after_batch,1,0.23333333333333334,0.43333333333333335,0.13333333333333333,0.6
after_batch,2,0.3,0.26666666666666666,0.13333333333333333,0.5333333333333333
after_batch,3,0.3333333333333333,0.2,0.13333333333333333,0.4666666666666667
after_batch,4,0.26666666666666666,0.23333333333333334,0.06666666666666667,0.3333333333333333
after_batch,5,0.26666666666666666,0.23333333333333334,0.13333333333333333,0.3333333333333333
after_batch,6,0.3333333333333333,0.23333333333333334,0.0,0.4
